word	nodeType	synsetCount	unit
pretty	ADJ	3	ATE1
full	ADJ	13	ATE1
different	ADJ	5	ATE1
more	ADJ	5	ATE1
explosive	ADJ	4	ATE1
explosive	ADJ	4	ATE1
giant	ADJ	8	ATE1
good	ADJ	27	ATE1
dead	ADJ	21	ATE1
young	ADJ	14	ATE1
healthy	ADJ	5	ATE1
tough	ADJ	12	ATE1
wrong	ADJ	13	ATE1
giant	ADJ	8	ATE1
whole	ADJ	8	ATE1
wrong	ADJ	13	ATE1
dead	ADJ	21	ATE1
incomplete	ADJ	2	ATE1
bad	ADJ	17	ATE1
good	ADJ	27	ATE1
large	ADJ	11	ATE1
sweet	ADJ	16	ATE1
hot	ADJ	21	ATE1
hot	ADJ	21	ATE1
bad	ADJ	17	ATE1
present	ADJ	18	ATE1
welcome	ADJ	6	ATE1
momentous	ADJ	1	ATE1
large	ADJ	11	ATE1
scared	ADJ	4	ATE1
important	ADJ	5	ATE1
sure	ADJ	10	ATE1
ignorant	ADJ	3	ATE1
least	ADJ	3	ATE1
ok	ADJ	4	ATE1
deep	ADJ	21	ATE1
saucy	ADJ	2	ATE1
alright	ADJ	4	ATE1
great	ADJ	7	ATE1
alone	ADJ	6	ATE1
cute	ADJ	2	ATE1
old	ADJ	9	ATE1
dead	ADJ	21	ATE1
bad	ADJ	17	ATE1
crazy	ADJ	6	ATE1
super	ADJ	5	ATE1
easy	ADJ	15	ATE1
cool	ADJ	11	ATE1
first	ADJ	16	ATE1
scared	ADJ	4	ATE1
main	ADJ	5	ATE1
permanent	ADJ	3	ATE1
convenient	ADJ	2	ATE1
great	ADJ	7	ATE1
new	ADJ	12	ATE1
blindfolded	ADJ	2	ATE1
tasty	ADJ	1	ATE1
improbable	ADJ	3	ATE1
dead	ADJ	21	ATE1
unaffected	ADJ	4	ATE1
dead	ADJ	21	ATE1
big	ADJ	17	ATE1
bad	ADJ	17	ATE1
stupid	ADJ	4	ATE1
hot	ADJ	21	ATE1
terrible	ADJ	4	ATE1
complicated	ADJ	3	ATE1
well	ADJ	22	ATE1
right	ADJ	36	ATE1
correct	ADJ	12	ATE1
royal	ADJ	7	ATE1
good	ADJ	27	ATE1
simple	ADJ	9	ATE1
smart	ADJ	9	ATE1
welcome	ADJ	6	ATE1
last	ADJ	21	ATE1
sweet	ADJ	16	ATE1
more	ADJ	5	ATE1
former	ADJ	5	ATE1
dead	ADJ	21	ATE1
nuts	ADJ	9	ATE1
royal	ADJ	7	ATE1
full	ADJ	13	ATE1
awake	ADJ	3	ATE1
adorable	ADJ	1	ATE1
delicious	ADJ	3	ATE1
delicious	ADJ	3	ATE1
squid	ADJ	2	ATE10
other	ADJ	4	ATE10
many	ADJ	1	ATE10
bad	ADJ	17	ATE10
human	ADJ	4	ATE10
bad	ADJ	17	ATE10
well	ADJ	22	ATE10
half	ADJ	6	ATE10
half	ADJ	6	ATE10
serious	ADJ	6	ATE10
ohhhhhhhh	ADJ	0	ATE10
cold	ADJ	16	ATE10
hearted	ADJ	0	ATE10
long	ADJ	12	ATE10
own	ADJ	2	ATE10
small	ADJ	13	ATE10
cool	ADJ	11	ATE10
wrong	ADJ	13	ATE10
sad	ADJ	3	ATE10
tough	ADJ	12	ATE10
soooo	ADJ	0	ATE10
sad	ADJ	3	ATE10
rough	ADJ	18	ATE10
other	ADJ	4	ATE10
slight	ADJ	5	ATE10
smooth	ADJ	12	ATE10
raunchy	ADJ	3	ATE10
maddening	ADJ	4	ATE10
disgusting	ADJ	3	ATE10
fantastic	ADJ	5	ATE10
first	ADJ	16	ATE10
rough	ADJ	18	ATE10
real	ADJ	13	ATE10
ready	ADJ	8	ATE10
rough	ADJ	18	ATE10
other	ADJ	4	ATE10
little	ADJ	10	ATE10
right	ADJ	36	ATE10
sure	ADJ	10	ATE10
rough	ADJ	18	ATE10
perfect	ADJ	5	ATE10
several	ADJ	3	ATE10
smooth	ADJ	12	ATE10
right	ADJ	36	ATE10
terrible	ADJ	4	ATE10
bad	ADJ	17	ATE10
good	ADJ	27	ATE10
sorry	ADJ	4	ATE10
fair	ADJ	17	ATE10
fair	ADJ	17	ATE10
real	ADJ	13	ATE10
small	ADJ	13	ATE10
least	ADJ	3	ATE10
more	ADJ	5	ATE10
pet	ADJ	7	ATE10
pet	ADJ	7	ATE10
great	ADJ	7	ATE10
other	ADJ	4	ATE10
awesome	ADJ	1	ATE10
other	ADJ	4	ATE10
good	ADJ	27	ATE10
cool	ADJ	11	ATE10
right	ADJ	36	ATE10
fine	ADJ	10	ATE10
great	ADJ	7	ATE10
crazy	ADJ	6	ATE10
other	ADJ	4	ATE10
raw	ADJ	14	ATE10
happy	ADJ	4	ATE10
other	ADJ	4	ATE10
rashy	ADJ	0	ATE10
entire	ADJ	5	ATE10
other	ADJ	4	ATE10
fine	ADJ	10	ATE10
okay	ADJ	4	ATE10
healthy	ADJ	5	ATE10
healthy	ADJ	5	ATE10
beautiful	ADJ	2	ATE10
gorgeous	ADJ	1	ATE10
second	ADJ	15	ATE10
quiet	ADJ	13	ATE10
itchy	ADJ	2	ATE10
cold	ADJ	16	ATE10
naked	ADJ	5	ATE10
crazy	ADJ	6	ATE10
old	ADJ	9	ATE10
different	ADJ	5	ATE10
wrong	ADJ	13	ATE10
stuck	ADJ	18	ATE10
happy	ADJ	4	ATE10
several	ADJ	3	ATE10
happy	ADJ	4	ATE10
more	ADJ	5	ATE10
dirty	ADJ	13	ATE10
dirty	ADJ	13	ATE10
happy	ADJ	4	ATE10
corny	ADJ	1	ATE10
ready	ADJ	8	ATE10
ready	ADJ	8	ATE10
ready	ADJ	8	ATE10
several	ADJ	3	ATE10
naked	ADJ	5	ATE10
gorgeous	ADJ	1	ATE10
magic	ADJ	3	ATE11
free	ADJ	22	ATE11
rash	ADJ	4	ATE11
sunken	ADJ	10	ATE11
lifeless	ADJ	4	ATE11
foul	ADJ	16	ATE11
evil	ADJ	6	ATE11
evil	ADJ	6	ATE11
sure	ADJ	10	ATE11
unattractive	ADJ	3	ATE11
unattractive	ADJ	3	ATE11
desperate	ADJ	7	ATE11
more	ADJ	5	ATE11
free	ADJ	22	ATE11
free	ADJ	22	ATE11
magical	ADJ	1	ATE11
left	ADJ	24	ATE11
cool	ADJ	11	ATE11
mystical	ADJ	3	ATE11
dangerous	ADJ	2	ATE11
magical	ADJ	1	ATE11
free	ADJ	22	ATE11
right	ADJ	36	ATE11
big	ADJ	17	ATE11
ancient	ADJ	4	ATE11
same	ADJ	6	ATE11
free	ADJ	22	ATE11
mystical	ADJ	3	ATE11
young	ADJ	14	ATE11
Most	ADJ	5	ATE11
ready	ADJ	8	ATE11
responsible	ADJ	3	ATE11
full	ADJ	13	ATE11
responsible	ADJ	3	ATE11
embarrassed	ADJ	4	ATE11
fine	ADJ	10	ATE11
fine	ADJ	10	ATE11
star	ADJ	12	ATE11
big	ADJ	17	ATE11
final	ADJ	5	ATE11
final	ADJ	5	ATE11
gross	ADJ	10	ATE11
normal	ADJ	5	ATE11
same	ADJ	6	ATE11
amazed	ADJ	3	ATE11
last	ADJ	21	ATE11
total	ADJ	7	ATE11
stupid	ADJ	4	ATE11
hysterical	ADJ	2	ATE11
unhappy	ADJ	4	ATE11
cool	ADJ	11	ATE11
cool	ADJ	11	ATE11
radical	ADJ	11	ATE11
ready	ADJ	8	ATE11
more	ADJ	5	ATE11
more	ADJ	5	ATE11
more	ADJ	5	ATE11
right	ADJ	36	ATE11
fine	ADJ	10	ATE11
okay	ADJ	4	ATE11
disgusted	ADJ	3	ATE11
new	ADJ	12	ATE11
dimensional	ADJ	2	ATE11
cool	ADJ	11	ATE11
excellent	ADJ	1	ATE11
third	ADJ	8	ATE11
next	ADJ	4	ATE11
orange	ADJ	6	ATE11
fake	ADJ	8	ATE11
next	ADJ	4	ATE11
tilted	ADJ	5	ATE11
big	ADJ	17	ATE11
ready	ADJ	8	ATE11
good	ADJ	27	ATE11
limitless	ADJ	3	ATE11
new	ADJ	12	ATE11
good	ADJ	27	ATE11
asleep	ADJ	5	ATE11
lame	ADJ	5	ATE11
ready	ADJ	8	ATE11
big	ADJ	17	ATE11
true	ADJ	15	ATE11
last	ADJ	21	ATE11
free	ADJ	22	ATE11
final	ADJ	5	ATE11
ultimate	ADJ	3	ATE11
sure	ADJ	10	ATE11
familiar	ADJ	7	ATE11
ready	ADJ	8	ATE11
responsible	ADJ	3	ATE11
easy	ADJ	15	ATE11
glorious	ADJ	3	ATE11
big	ADJ	17	ATE11
big	ADJ	17	ATE11
very	ADJ	4	ATE11
ultimate	ADJ	3	ATE11
close	ADJ	37	ATE11
eld	ADJ	2	ATE11
natural	ADJ	13	ATE11
ultimate	ADJ	3	ATE11
frustrated	ADJ	3	ATE11
old	ADJ	9	ATE11
well	ADJ	22	ATE11
ancient	ADJ	4	ATE11
young	ADJ	14	ATE11
newfangled	ADJ	1	ATE11
alive	ADJ	7	ATE11
crazy	ADJ	6	ATE11
bouncy	ADJ	2	ATE11
asleep	ADJ	5	ATE11
other	ADJ	4	ATE11
powerful	ADJ	6	ATE11
entire	ADJ	5	ATE11
main	ADJ	5	ATE11
animate	ADJ	7	ATE11
alive	ADJ	7	ATE11
stupid	ADJ	4	ATE11
young	ADJ	14	ATE11
responsible	ADJ	3	ATE11
old	ADJ	9	ATE11
annoyed	ADJ	3	ATE11
giant	ADJ	8	ATE11
nice	ADJ	6	ATE11
few	ADJ	2	ATE11
right	ADJ	36	ATE11
free	ADJ	22	ATE11
good	ADJ	27	ATE11
glad	ADJ	5	ATE11
naked	ADJ	5	ATE11
free	ADJ	22	ATE11
full	ADJ	13	ATE11
vaporized	ADJ	5	ATE12
true	ADJ	15	ATE12
honest	ADJ	7	ATE12
true	ADJ	15	ATE12
reliable	ADJ	3	ATE12
reliable	ADJ	3	ATE12
very	ADJ	4	ATE12
good	ADJ	27	ATE12
full	ADJ	13	ATE12
mysterious	ADJ	2	ATE12
scary	ADJ	1	ATE12
unprepared	ADJ	1	ATE12
reliable	ADJ	3	ATE12
open	ADJ	36	ATE12
scared	ADJ	4	ATE12
total	ADJ	7	ATE12
afraid	ADJ	4	ATE12
exhausted	ADJ	8	ATE12
goldfish	ADJ	1	ATE12
giant	ADJ	8	ATE12
ordinary	ADJ	7	ATE12
little	ADJ	10	ATE12
wonderful	ADJ	1	ATE12
cool	ADJ	11	ATE12
tired	ADJ	6	ATE12
warm	ADJ	13	ATE12
great	ADJ	7	ATE12
good	ADJ	27	ATE12
true	ADJ	15	ATE12
new	ADJ	12	ATE12
wild	ADJ	17	ATE12
nuts	ADJ	9	ATE12
bla	ADJ	0	ATE12
ble	ADJ	0	ATE12
ble	ADJ	0	ATE12
bla	ADJ	0	ATE12
convinced	ADJ	3	ATE12
weak	ADJ	12	ATE12
little	ADJ	10	ATE12
lucky	ADJ	3	ATE12
awesome	ADJ	1	ATE12
gross	ADJ	10	ATE12
good	ADJ	27	ATE12
new	ADJ	12	ATE12
feelin	ADJ	0	ATE12
feelin	ADJ	0	ATE12
feelin	ADJ	0	ATE12
satisfied	ADJ	5	ATE12
wrong	ADJ	13	ATE12
pretty	ADJ	3	ATE12
awesome	ADJ	1	ATE12
well	ADJ	22	ATE12
right	ADJ	36	ATE12
little	ADJ	10	ATE12
scared	ADJ	4	ATE12
pathetic	ADJ	3	ATE12
little	ADJ	10	ATE12
pathetic	ADJ	3	ATE12
ready	ADJ	8	ATE12
fun	ADJ	4	ATE12
dead	ADJ	21	ATE12
hardcore	ADJ	2	ATE12
old	ADJ	9	ATE12
slow	ADJ	11	ATE13
ready	ADJ	8	ATE13
hard	ADJ	22	ATE13
aoh	ADJ	0	ATE13
hard	ADJ	22	ATE13
good	ADJ	27	ATE13
giant	ADJ	8	ATE13
dead	ADJ	21	ATE13
good	ADJ	27	ATE13
pure	ADJ	7	ATE13
about	ADJ	8	ATE13
little	ADJ	10	ATE13
little	ADJ	10	ATE13
okay	ADJ	4	ATE13
other	ADJ	4	ATE13
wrong	ADJ	13	ATE13
terrible	ADJ	4	ATE13
whole	ADJ	8	ATE13
pure	ADJ	7	ATE13
hopeless	ADJ	4	ATE13
other	ADJ	4	ATE13
redoodoodiculous	ADJ	0	ATE13
whole	ADJ	8	ATE13
little	ADJ	10	ATE13
headed	ADJ	13	ATE13
wrong	ADJ	13	ATE13
fun	ADJ	4	ATE13
headed	ADJ	13	ATE13
headed	ADJ	13	ATE13
headed	ADJ	13	ATE13
headed	ADJ	13	ATE13
new	ADJ	12	ATE13
asleep	ADJ	5	ATE13
pure	ADJ	7	ATE13
little	ADJ	10	ATE13
great	ADJ	7	ATE13
magical	ADJ	1	ATE13
pure	ADJ	7	ATE13
top	ADJ	22	ATE13
light	ADJ	47	ATE13
blue	ADJ	16	ATE13
afraid	ADJ	4	ATE13
red	ADJ	7	ATE13
able	ADJ	4	ATE13
good	ADJ	27	ATE13
high	ADJ	18	ATE13
only	ADJ	9	ATE13
great	ADJ	7	ATE13
sorry	ADJ	4	ATE13
much	ADJ	7	ATE13
able	ADJ	4	ATE13
black	ADJ	22	ATE13
crooked	ADJ	5	ATE13
easy	ADJ	15	ATE13
cute	ADJ	2	ATE13
little	ADJ	10	ATE13
stupid	ADJ	4	ATE13
dirty	ADJ	13	ATE13
criminal	ADJ	4	ATE13
pure	ADJ	7	ATE13
right	ADJ	36	ATE13
enough	ADJ	3	ATE13
impure	ADJ	3	ATE13
unfit	ADJ	4	ATE13
unfit	ADJ	4	ATE13
alone	ADJ	6	ATE13
super	ADJ	5	ATE13
-	ADJ	0	ATE13
big	ADJ	17	ATE13
dirty	ADJ	13	ATE13
filthy	ADJ	3	ATE13
wicked	ADJ	5	ATE13
different	ADJ	5	ATE13
black	ADJ	22	ATE13
crooked	ADJ	5	ATE13
other	ADJ	4	ATE13
poor	ADJ	7	ATE13
homeless	ADJ	4	ATE13
sorry	ADJ	4	ATE13
nearby	ADJ	2	ATE13
clean	ADJ	31	ATE13
clean	ADJ	31	ATE13
clean	ADJ	31	ATE13
young	ADJ	14	ATE13
welcome	ADJ	6	ATE13
squeaky	ADJ	1	ATE13
clean	ADJ	31	ATE13
good	ADJ	27	ATE13
virgin	ADJ	5	ATE13
second	ADJ	15	ATE13
pure	ADJ	7	ATE13
naked	ADJ	5	ATE13
locked	ADJ	9	ATE14
cool	ADJ	11	ATE14
bad	ADJ	17	ATE14
poisonous	ADJ	3	ATE14
magic	ADJ	3	ATE14
full	ADJ	13	ATE14
weird	ADJ	3	ATE14
hungry	ADJ	2	ATE14
magic	ADJ	3	ATE14
okay	ADJ	4	ATE14
little	ADJ	10	ATE14
chilly	ADJ	4	ATE14
magical	ADJ	1	ATE14
more	ADJ	5	ATE14
only	ADJ	9	ATE14
sorry	ADJ	4	ATE14
wrong	ADJ	13	ATE14
total	ADJ	7	ATE14
alright	ADJ	4	ATE14
industrial	ADJ	4	ATE14
deep	ADJ	21	ATE14
hard	ADJ	22	ATE14
magic	ADJ	3	ATE14
clear	ADJ	45	ATE14
many	ADJ	1	ATE14
lucky	ADJ	3	ATE14
first	ADJ	16	ATE14
right	ADJ	36	ATE14
magic	ADJ	3	ATE14
energetic	ADJ	2	ATE14
little	ADJ	10	ATE14
whole	ADJ	8	ATE14
tired	ADJ	6	ATE14
evil	ADJ	6	ATE14
lazy	ADJ	2	ATE14
hard	ADJ	22	ATE14
good	ADJ	27	ATE14
little	ADJ	10	ATE14
ideal	ADJ	5	ATE14
old	ADJ	9	ATE14
exhausting	ADJ	7	ATE14
right	ADJ	36	ATE14
exhausting	ADJ	7	ATE14
subconscious	ADJ	2	ATE14
true	ADJ	15	ATE14
hard	ADJ	22	ATE14
easy	ADJ	15	ATE14
subconscious	ADJ	2	ATE14
glad	ADJ	5	ATE14
hard	ADJ	22	ATE14
wrong	ADJ	13	ATE14
various	ADJ	4	ATE14
large	ADJ	11	ATE14
annoyed	ADJ	3	ATE14
ergh	ADJ	0	ATE14
stupid	ADJ	4	ATE14
other	ADJ	4	ATE14
magic	ADJ	3	ATE14
right	ADJ	36	ATE14
chubby	ADJ	1	ATE14
tired	ADJ	6	ATE14
stupid	ADJ	4	ATE14
powerless	ADJ	1	ATE14
lazy	ADJ	2	ATE14
prideful	ADJ	2	ATE14
much	ADJ	7	ATE14
hard	ADJ	22	ATE14
regular	ADJ	17	ATE14
old	ADJ	9	ATE14
ironic	ADJ	2	ATE14
current	ADJ	4	ATE14
big	ADJ	17	ATE14
giant	ADJ	8	ATE14
giant	ADJ	8	ATE14
beautiful	ADJ	2	ATE14
gross	ADJ	10	ATE14
kinda	ADJ	1	ATE14
black	ADJ	22	ATE14
giant	ADJ	8	ATE14
hungry	ADJ	2	ATE14
desperate	ADJ	7	ATE14
only	ADJ	9	ATE14
fat	ADJ	9	ATE14
sorry	ADJ	4	ATE14
sorry	ADJ	4	ATE14
humiliating	ADJ	2	ATE14
only	ADJ	9	ATE14
subconscious	ADJ	2	ATE14
cool	ADJ	11	ATE14
subconscious	ADJ	2	ATE14
dyin	ADJ	0	ATE14
old	ADJ	9	ATE14
magical	ADJ	1	ATE14
humble	ADJ	6	ATE14
alive	ADJ	7	ATE14
good	ADJ	27	ATE14
magic	ADJ	3	ATE14
subconscious	ADJ	2	ATE14
subconscious	ADJ	2	ATE14
big	ADJ	17	ATE14
great	ADJ	7	ATE14
cutesy	ADJ	0	ATE14
cute	ADJ	2	ATE14
glad	ADJ	5	ATE14
funny	ADJ	5	ATE15
funny	ADJ	5	ATE15
mortal	ADJ	5	ATE15
hard	ADJ	22	ATE15
long	ADJ	12	ATE15
right	ADJ	36	ATE15
awake	ADJ	3	ATE15
well	ADJ	22	ATE15
big	ADJ	17	ATE15
well	ADJ	22	ATE15
well	ADJ	22	ATE15
young	ADJ	14	ATE15
well	ADJ	22	ATE15
full	ADJ	13	ATE15
perfect	ADJ	5	ATE15
eager	ADJ	2	ATE15
cold	ADJ	16	ATE15
personal	ADJ	6	ATE15
hot	ADJ	21	ATE15
good	ADJ	27	ATE15
more	ADJ	5	ATE15
full	ADJ	13	ATE15
dumb	ADJ	4	ATE15
beautiful	ADJ	2	ATE15
daring	ADJ	7	ATE15
daring	ADJ	7	ATE15
awesome	ADJ	1	ATE15
mock	ADJ	4	ATE15
female	ADJ	5	ATE15
terrible	ADJ	4	ATE15
normal	ADJ	5	ATE15
right	ADJ	36	ATE15
low	ADJ	16	ATE15
stupid	ADJ	4	ATE15
asleep	ADJ	5	ATE15
magic	ADJ	3	ATE15
frustrated	ADJ	3	ATE15
free	ADJ	22	ATE15
very	ADJ	4	ATE15
hardcore	ADJ	2	ATE15
fat	ADJ	9	ATE15
fat	ADJ	9	ATE15
fat	ADJ	9	ATE15
fat	ADJ	9	ATE15
little	ADJ	10	ATE15
melty	ADJ	0	ATE15
melty	ADJ	0	ATE15
beautiful	ADJ	2	ATE15
great	ADJ	7	ATE15
lucky	ADJ	3	ATE15
functional	ADJ	6	ATE15
semi	ADJ	3	ATE15
-	ADJ	0	ATE15
loyal	ADJ	3	ATE15
innocent	ADJ	8	ATE15
functional	ADJ	6	ATE15
right	ADJ	36	ATE15
different	ADJ	5	ATE15
deep	ADJ	21	ATE15
troubled	ADJ	7	ATE15
sudden	ADJ	1	ATE15
heavy	ADJ	30	ATE15
unsettling	ADJ	1	ATE15
about	ADJ	8	ATE15
full	ADJ	13	ATE15
small	ADJ	13	ATE15
private	ADJ	5	ATE15
more	ADJ	5	ATE15
crybaby	ADJ	2	ATE15
angry	ADJ	3	ATE15
full	ADJ	13	ATE15
beautiful	ADJ	2	ATE15
imaginary	ADJ	2	ATE15
little	ADJ	10	ATE15
dark	ADJ	16	ATE16
gross	ADJ	10	ATE16
red	ADJ	7	ATE16
ominous	ADJ	2	ATE16
slow	ADJ	11	ATE16
barefoot	ADJ	2	ATE16
red	ADJ	7	ATE16
ominous	ADJ	2	ATE16
black	ADJ	22	ATE16
afraid	ADJ	4	ATE16
deep	ADJ	21	ATE16
afraid	ADJ	4	ATE16
wuss	ADJ	1	ATE16
scared	ADJ	4	ATE16
true	ADJ	15	ATE16
true	ADJ	15	ATE16
scared	ADJ	4	ATE16
deep	ADJ	21	ATE16
right	ADJ	36	ATE16
panting	ADJ	4	ATE16
normal	ADJ	5	ATE16
wrong	ADJ	13	ATE16
afraid	ADJ	4	ATE16
few	ADJ	2	ATE16
scared	ADJ	4	ATE16
ok	ADJ	4	ATE16
scared	ADJ	4	ATE16
scared	ADJ	4	ATE16
afraid	ADJ	4	ATE16
hot	ADJ	21	ATE16
scared	ADJ	4	ATE16
scared	ADJ	4	ATE16
afraid	ADJ	4	ATE16
multiple	ADJ	2	ATE16
rapid	ADJ	3	ATE16
single	ADJ	10	ATE16
slow	ADJ	11	ATE16
afraid	ADJ	4	ATE16
afraid	ADJ	4	ATE16
ready	ADJ	8	ATE16
ready	ADJ	8	ATE16
entire	ADJ	5	ATE16
crazy	ADJ	6	ATE16
ok	ADJ	4	ATE16
nuts	ADJ	9	ATE16
great	ADJ	7	ATE16
great	ADJ	7	ATE16
ready	ADJ	8	ATE16
underwater	ADJ	2	ATE16
pre	ADJ	0	ATE16
-	ADJ	0	ATE16
war	ADJ	5	ATE16
safe	ADJ	7	ATE16
safe	ADJ	7	ATE16
perfect	ADJ	5	ATE16
more	ADJ	5	ATE16
good	ADJ	27	ATE16
small	ADJ	13	ATE16
rusty	ADJ	4	ATE16
awesome	ADJ	1	ATE16
pretty	ADJ	3	ATE16
more	ADJ	5	ATE16
beautiful	ADJ	2	ATE16
afraid	ADJ	4	ATE16
beautiful	ADJ	2	ATE16
bad	ADJ	17	ATE16
glad	ADJ	5	ATE16
black	ADJ	22	ATE16
cool	ADJ	11	ATE16
perfect	ADJ	5	ATE16
sure	ADJ	10	ATE16
pathetic	ADJ	3	ATE16
about	ADJ	8	ATE16
un	ADJ	1	ATE16
-	ADJ	0	ATE16
heroic	ADJ	6	ATE16
right	ADJ	36	ATE16
right	ADJ	36	ATE16
great	ADJ	7	ATE16
good	ADJ	27	ATE16
own	ADJ	2	ATE16
proud	ADJ	2	ATE16
proud	ADJ	2	ATE16
great	ADJ	7	ATE16
right	ADJ	36	ATE16
black	ADJ	22	ATE16
wrong	ADJ	13	ATE16
great	ADJ	7	ATE16
late	ADJ	11	ATE16
great	ADJ	7	ATE16
nasty	ADJ	4	ATE16
wonderful	ADJ	1	ATE16
least	ADJ	3	ATE16
maniacal	ADJ	1	ATE16
glazed	ADJ	8	ATE17
open	ADJ	36	ATE17
okay	ADJ	4	ATE17
bored	ADJ	4	ATE17
good	ADJ	27	ATE17
about	ADJ	8	ATE17
same	ADJ	6	ATE17
right	ADJ	36	ATE17
sweet	ADJ	16	ATE17
last	ADJ	21	ATE17
threatening	ADJ	5	ATE17
stupid	ADJ	4	ATE17
good	ADJ	27	ATE17
good	ADJ	27	ATE17
right	ADJ	36	ATE17
cool	ADJ	11	ATE17
lucky	ADJ	3	ATE17
weird	ADJ	3	ATE17
pretty	ADJ	3	ATE17
good	ADJ	27	ATE17
creepy	ADJ	2	ATE17
happy	ADJ	4	ATE17
last	ADJ	21	ATE17
hot	ADJ	21	ATE17
good	ADJ	27	ATE17
right	ADJ	36	ATE17
angry	ADJ	3	ATE17
giant	ADJ	8	ATE17
different	ADJ	5	ATE17
good	ADJ	27	ATE17
good	ADJ	27	ATE17
more	ADJ	5	ATE17
fine	ADJ	10	ATE17
serious	ADJ	6	ATE17
sure	ADJ	10	ATE17
well	ADJ	22	ATE17
comfortable	ADJ	5	ATE17
y'know	ADJ	0	ATE17
free	ADJ	22	ATE17
double	ADJ	21	ATE17
big	ADJ	17	ATE17
nervous	ADJ	5	ATE17
beautiful	ADJ	2	ATE17
good	ADJ	27	ATE17
up—80	ADJ	0	ATE17
sure	ADJ	10	ATE17
old	ADJ	9	ATE17
old	ADJ	9	ATE17
old	ADJ	9	ATE17
nearby	ADJ	2	ATE17
stinky	ADJ	2	ATE17
old	ADJ	9	ATE17
male	ADJ	6	ATE17
female	ADJ	5	ATE17
other	ADJ	4	ATE17
beautiful	ADJ	2	ATE17
bad	ADJ	17	ATE17
happy	ADJ	4	ATE17
lousy	ADJ	3	ATE17
black	ADJ	22	ATE17
happy	ADJ	4	ATE17
lame	ADJ	5	ATE17
prepared	ADJ	11	ATE17
bored	ADJ	4	ATE17
weird	ADJ	3	ATE17
traditional	ADJ	2	ATE17
good	ADJ	27	ATE17
cool	ADJ	11	ATE17
glad	ADJ	5	ATE17
happy	ADJ	4	ATE17
crazy	ADJ	6	ATE17
huge	ADJ	1	ATE17
gross	ADJ	10	ATE17
large	ADJ	11	ATE17
allergic	ADJ	2	ATE17
old	ADJ	9	ATE17
free	ADJ	22	ATE17
happy	ADJ	4	ATE17
spiky	ADJ	1	ATE17
ready	ADJ	8	ATE17
total	ADJ	7	ATE17
right	ADJ	36	ATE17
worth	ADJ	5	ATE17
spontaneous	ADJ	2	ATE17
wrong	ADJ	13	ATE17
wrong	ADJ	13	ATE17
wrong	ADJ	13	ATE17
normal	ADJ	5	ATE17
sized	ADJ	5	ATE17
good	ADJ	27	ATE17
lousy	ADJ	3	ATE17
right	ADJ	36	ATE17
married	ADJ	5	ATE17
official	ADJ	7	ATE17
normal	ADJ	5	ATE17
royal	ADJ	7	ATE18
last	ADJ	21	ATE18
dangerous	ADJ	2	ATE18
awesome	ADJ	1	ATE18
secret	ADJ	14	ATE18
deep	ADJ	21	ATE18
accursed	ADJ	2	ATE18
*	ADJ	0	ATE18
right	ADJ	36	ATE18
magnificent	ADJ	1	ATE18
good	ADJ	27	ATE18
muffled	ADJ	4	ATE18
ready	ADJ	8	ATE18
evil	ADJ	6	ATE18
mimic	ADJ	3	ATE18
black	ADJ	22	ATE18
demonic	ADJ	1	ATE18
freaky	ADJ	2	ATE18
approximate	ADJ	5	ATE18
many	ADJ	1	ATE18
idiot	ADJ	1	ATE18
afraid	ADJ	4	ATE18
radical	ADJ	11	ATE18
little	ADJ	10	ATE18
right	ADJ	36	ATE18
good	ADJ	27	ATE18
own	ADJ	2	ATE18
own	ADJ	2	ATE18
different	ADJ	5	ATE18
skeletal	ADJ	2	ATE18
giant	ADJ	8	ATE18
key	ADJ	21	ATE18
giant	ADJ	8	ATE18
key	ADJ	21	ATE18
key	ADJ	21	ATE18
green	ADJ	14	ATE18
sweet	ADJ	16	ATE18
gelatinous	ADJ	1	ATE18
green	ADJ	14	ATE18
further	ADJ	11	ATE18
small	ADJ	13	ATE18
huge	ADJ	1	ATE18
exponential	ADJ	2	ATE18
thine	ADJ	0	ATE18
own	ADJ	2	ATE18
single	ADJ	10	ATE18
big	ADJ	17	ATE18
deep	ADJ	21	ATE18
heavy	ADJ	30	ATE18
own	ADJ	2	ATE18
awake	ADJ	3	ATE18
right	ADJ	36	ATE18
about	ADJ	8	ATE18
nervous	ADJ	5	ATE18
scared	ADJ	4	ATE18
about	ADJ	8	ATE18
scared	ADJ	4	ATE18
few	ADJ	2	ATE18
more	ADJ	5	ATE18
silly	ADJ	5	ATE18
silly	ADJ	5	ATE18
okay	ADJ	4	ATE18
radical	ADJ	11	ATE18
comfortable	ADJ	5	ATE18
fine	ADJ	10	ATE18
true	ADJ	15	ATE18
hideous	ADJ	2	ATE18
raspy	ADJ	1	ATE18
full	ADJ	13	ATE18
sweet	ADJ	16	ATE18
little	ADJ	10	ATE18
low	ADJ	16	ATE18
long	ADJ	12	ATE18
beautiful	ADJ	2	ATE18
sick	ADJ	9	ATE18
worried	ADJ	8	ATE18
strange	ADJ	3	ATE18
impossible	ADJ	4	ATE18
farth	ADJ	0	ATE18
pathetic	ADJ	3	ATE18
frustrating	ADJ	4	ATE18
key	ADJ	21	ATE18
powdered	ADJ	3	ATE18
old	ADJ	9	ATE18
good	ADJ	27	ATE18
angry	ADJ	3	ATE18
well	ADJ	22	ATE18
intelligent	ADJ	4	ATE18
darn	ADJ	3	ATE18
right	ADJ	36	ATE18
nearby	ADJ	2	ATE19
purple	ADJ	7	ATE19
humanoid	ADJ	1	ATE19
orange	ADJ	6	ATE19
green	ADJ	14	ATE19
pink	ADJ	7	ATE19
blue	ADJ	16	ATE19
unknown	ADJ	8	ATE19
good	ADJ	27	ATE19
stupid	ADJ	4	ATE19
lame	ADJ	5	ATE19
green	ADJ	14	ATE19
bald	ADJ	4	ATE19
nuts	ADJ	9	ATE19
thick	ADJ	13	ATE19
ok	ADJ	4	ATE19
green	ADJ	14	ATE19
bald	ADJ	4	ATE19
okay	ADJ	4	ATE19
sorry	ADJ	4	ATE19
depressed	ADJ	8	ATE19
dear	ADJ	8	ATE19
beautiful	ADJ	2	ATE19
bubblegummy	ADJ	0	ATE19
bad	ADJ	17	ATE19
flawless	ADJ	1	ATE19
flawless	ADJ	1	ATE19
cold	ADJ	16	ATE19
bonkers	ADJ	1	ATE19
bad	ADJ	17	ATE19
rotten	ADJ	3	ATE19
ugly	ADJ	4	ATE19
right	ADJ	36	ATE19
crooked	ADJ	5	ATE19
villainous	ADJ	1	ATE19
creepy	ADJ	2	ATE19
wonderful	ADJ	1	ATE19
pet	ADJ	7	ATE19
privileged	ADJ	4	ATE19
rancid	ADJ	2	ATE19
necessary	ADJ	3	ATE19
evil	ADJ	6	ATE19
nuts	ADJ	9	ATE19
small	ADJ	13	ATE19
tough	ADJ	12	ATE19
little	ADJ	10	ATE19
nice	ADJ	6	ATE19
good	ADJ	27	ATE19
wet	ADJ	9	ATE19
villainous	ADJ	1	ATE19
enough	ADJ	3	ATE19
bad	ADJ	17	ATE19
unnoticed	ADJ	1	ATE19
odd	ADJ	6	ATE19
embarrassed	ADJ	4	ATE19
rare	ADJ	6	ATE19
royal	ADJ	7	ATE19
bald	ADJ	4	ATE19
nice	ADJ	6	ATE19
okay	ADJ	4	ATE19
bad	ADJ	17	ATE19
nice	ADJ	6	ATE19
mobile	ADJ	8	ATE19
grave	ADJ	8	ATE19
very	ADJ	4	ATE19
dead	ADJ	21	ATE19
strange	ADJ	3	ATE19
own	ADJ	2	ATE19
nearby	ADJ	2	ATE19
fair	ADJ	17	ATE19
pink	ADJ	7	ATE19
flush	ADJ	18	ATE19
long	ADJ	12	ATE19
gooey	ADJ	1	ATE19
little	ADJ	10	ATE19
right	ADJ	36	ATE19
innocent	ADJ	8	ATE19
golden	ADJ	6	ATE19
sucky	ADJ	0	ATE19
sorry	ADJ	4	ATE19
mad	ADJ	4	ATE19
penitent	ADJ	2	ATE19
nuts	ADJ	9	ATE19
true	ADJ	15	ATE19
sorry	ADJ	4	ATE19
medical	ADJ	4	ATE19
poor	ADJ	7	ATE19
sorry	ADJ	4	ATE19
ugly	ADJ	4	ATE19
pre	ADJ	0	ATE19
-	ADJ	0	ATE19
written	ADJ	13	ATE19
presumptuous	ADJ	1	ATE19
distinguished	ADJ	7	ATE19
oval	ADJ	2	ATE19
-	ADJ	0	ATE19
oval	ADJ	2	ATE19
-	ADJ	0	ATE19
open	ADJ	36	ATE19
big	ADJ	17	ATE2
more	ADJ	5	ATE2
hard	ADJ	22	ATE2
easy	ADJ	15	ATE2
big	ADJ	17	ATE2
muffled	ADJ	4	ATE2
new	ADJ	12	ATE2
ominous	ADJ	2	ATE2
early	ADJ	9	ATE2
serious	ADJ	6	ATE2
y'know	ADJ	0	ATE2
lumpy	ADJ	2	ATE2
freakin	ADJ	0	ATE2
royal	ADJ	7	ATE2
lumpy	ADJ	2	ATE2
drunk	ADJ	9	ATE2
much	ADJ	7	ATE2
good	ADJ	27	ATE2
non	ADJ	1	ATE2
-	ADJ	0	ATE2
lumpers	ADJ	2	ATE2
fine	ADJ	10	ATE2
lumpy	ADJ	2	ATE2
lame	ADJ	5	ATE2
lame	ADJ	5	ATE2
close	ADJ	37	ATE2
smooth	ADJ	12	ATE2
last	ADJ	21	ATE2
royal	ADJ	7	ATE2
sorry	ADJ	4	ATE2
horrible	ADJ	1	ATE2
weekly	ADJ	3	ATE2
weekly	ADJ	3	ATE2
awesome	ADJ	1	ATE2
hot	ADJ	21	ATE2
baaaaad	ADJ	0	ATE2
normal	ADJ	5	ATE2
sheer	ADJ	8	ATE2
electronic	ADJ	2	ATE2
right	ADJ	36	ATE2
lumpy	ADJ	2	ATE2
normal	ADJ	5	ATE2
gracious	ADJ	4	ATE2
terrible	ADJ	4	ATE2
lumpy	ADJ	2	ATE2
nice	ADJ	6	ATE2
shady	ADJ	4	ATE2
lumpy	ADJ	2	ATE2
hard	ADJ	22	ATE2
romantic	ADJ	5	ATE2
notorious	ADJ	1	ATE2
smooth	ADJ	12	ATE2
more	ADJ	5	ATE2
lumpy	ADJ	2	ATE2
smooth	ADJ	12	ATE2
smooth	ADJ	12	ATE2
good	ADJ	27	ATE2
up	ADJ	14	ATE2
lumpy	ADJ	2	ATE2
smooth	ADJ	12	ATE2
sure	ADJ	10	ATE2
lumpy	ADJ	2	ATE2
smooth	ADJ	12	ATE2
rude	ADJ	5	ATE2
right	ADJ	36	ATE2
welcome	ADJ	6	ATE2
mad	ADJ	4	ATE2
lumpy	ADJ	2	ATE2
fake	ADJ	8	ATE2
lumpy	ADJ	2	ATE2
plaintive	ADJ	1	ATE2
directionless	ADJ	1	ATE2
eternal	ADJ	2	ATE2
lumpy	ADJ	2	ATE2
dangerous	ADJ	2	ATE2
good	ADJ	27	ATE2
lumpy	ADJ	2	ATE2
multiple	ADJ	2	ATE2
insane	ADJ	2	ATE2
lumpy	ADJ	2	ATE2
good	ADJ	27	ATE2
wannabe	ADJ	1	ATE2
lumpy	ADJ	2	ATE2
lumpy	ADJ	2	ATE2
lumpy	ADJ	2	ATE2
good	ADJ	27	ATE2
dumb	ADJ	4	ATE2
right	ADJ	36	ATE2
bad	ADJ	17	ATE2
normal	ADJ	5	ATE2
lumpy	ADJ	2	ATE2
smooth	ADJ	12	ATE2
muscular	ADJ	4	ATE2
lumpy	ADJ	2	ATE2
cold	ADJ	16	ATE2
sorry	ADJ	4	ATE2
fine	ADJ	10	ATE2
last	ADJ	21	ATE2
good	ADJ	27	ATE2
lumpy	ADJ	2	ATE2
lame	ADJ	5	ATE2
normal	ADJ	5	ATE2
mysterious	ADJ	2	ATE20
tattered	ADJ	2	ATE20
poor	ADJ	7	ATE20
old	ADJ	9	ATE20
surprised	ADJ	4	ATE20
little	ADJ	10	ATE20
homeless	ADJ	4	ATE20
wrong	ADJ	13	ATE20
secret	ADJ	14	ATE20
nice	ADJ	6	ATE20
little	ADJ	10	ATE20
other	ADJ	4	ATE20
distraught	ADJ	1	ATE20
happy	ADJ	4	ATE20
little	ADJ	10	ATE20
cute	ADJ	2	ATE20
little	ADJ	10	ATE20
tiny	ADJ	1	ATE20
tiny	ADJ	1	ATE20
wrong	ADJ	13	ATE20
magic	ADJ	3	ATE20
blue	ADJ	16	ATE20
mystical	ADJ	3	ATE20
magical	ADJ	1	ATE20
worried	ADJ	8	ATE20
giant	ADJ	8	ATE20
low	ADJ	16	ATE20
top	ADJ	22	ATE20
same	ADJ	6	ATE20
magical	ADJ	1	ATE20
nutty	ADJ	2	ATE20
stinky	ADJ	2	ATE20
good	ADJ	27	ATE20
big	ADJ	17	ATE20
good	ADJ	27	ATE20
magic	ADJ	3	ATE20
wrong	ADJ	13	ATE20
huge	ADJ	1	ATE20
more	ADJ	5	ATE20
headed	ADJ	13	ATE20
big	ADJ	17	ATE20
wide	ADJ	11	ATE20
magic	ADJ	3	ATE20
little	ADJ	10	ATE20
next	ADJ	4	ATE20
giant	ADJ	8	ATE20
evil	ADJ	6	ATE20
evil	ADJ	6	ATE20
great	ADJ	7	ATE20
more	ADJ	5	ATE20
enormous	ADJ	1	ATE20
indistinct	ADJ	1	ATE20
big	ADJ	17	ATE20
fat	ADJ	9	ATE20
unsure	ADJ	2	ATE20
deep	ADJ	21	ATE20
small	ADJ	13	ATE20
small	ADJ	13	ATE20
hot	ADJ	21	ATE20
hot	ADJ	21	ATE20
red	ADJ	7	ATE20
green	ADJ	14	ATE20
blue	ADJ	16	ATE20
rid	ADJ	1	ATE20
full	ADJ	13	ATE20
about	ADJ	8	ATE20
upset	ADJ	17	ATE20
magic	ADJ	3	ATE20
good	ADJ	27	ATE20
fancy	ADJ	6	ATE20
old	ADJ	9	ATE20
surprised	ADJ	4	ATE20
makeshift	ADJ	2	ATE20
other	ADJ	4	ATE20
accursed	ADJ	2	ATE20
normal	ADJ	5	ATE20
other	ADJ	4	ATE20
pink	ADJ	7	ATE20
humanoid	ADJ	1	ATE20
blue	ADJ	16	ATE20
light	ADJ	47	ATE20
brown	ADJ	8	ATE20
other	ADJ	4	ATE20
beige	ADJ	2	ATE20
orange	ADJ	6	ATE20
only	ADJ	9	ATE20
orange	ADJ	6	ATE20
orange	ADJ	6	ATE20
cool	ADJ	11	ATE20
worthless	ADJ	2	ATE20
miserable	ADJ	6	ATE20
comfortable	ADJ	5	ATE20
miserable	ADJ	6	ATE20
right	ADJ	36	ATE20
depressed	ADJ	8	ATE20
cool	ADJ	11	ATE20
cool	ADJ	11	ATE20
hot	ADJ	21	ATE20
sick	ADJ	9	ATE20
worth	ADJ	5	ATE20
emotional	ADJ	4	ATE20
other	ADJ	4	ATE20
puzzled	ADJ	3	ATE20
clumped	ADJ	4	ATE20
angry	ADJ	3	ATE20
other	ADJ	4	ATE20
single	ADJ	10	ATE20
big	ADJ	17	ATE20
normal	ADJ	5	ATE20
perfect	ADJ	5	ATE20
little	ADJ	10	ATE20
second	ADJ	15	ATE20
right	ADJ	36	ATE20
magic	ADJ	3	ATE20
afraid	ADJ	4	ATE20
sure	ADJ	10	ATE20
darn	ADJ	3	ATE20
right	ADJ	36	ATE20
kind	ADJ	4	ATE20
angry	ADJ	3	ATE20
close	ADJ	37	ATE20
nice	ADJ	6	ATE20
big	ADJ	17	ATE20
normal	ADJ	5	ATE20
more	ADJ	5	ATE20
welcome	ADJ	6	ATE20
frickin	ADJ	0	ATE20
least	ADJ	3	ATE20
regular	ADJ	17	ATE20
single	ADJ	10	ATE20
original	ADJ	6	ATE20
strong	ADJ	10	ATE20
embarrassed	ADJ	4	ATE20
complicated	ADJ	3	ATE20
old	ADJ	9	ATE20
tall	ADJ	5	ATE21
ordinary	ADJ	7	ATE21
little	ADJ	10	ATE21
ordinary	ADJ	7	ATE21
little	ADJ	10	ATE21
regular	ADJ	17	ATE21
ordinary	ADJ	7	ATE21
sinister	ADJ	3	ATE21
ordinary	ADJ	7	ATE21
obnoxious	ADJ	1	ATE21
right	ADJ	36	ATE21
careful	ADJ	5	ATE21
much	ADJ	7	ATE21
good	ADJ	27	ATE21
tiny	ADJ	1	ATE21
cute	ADJ	2	ATE21
little	ADJ	10	ATE21
stupid	ADJ	4	ATE21
dumb	ADJ	4	ATE21
jowl	ADJ	2	ATE21
more	ADJ	5	ATE21
ninja	ADJ	2	ATE21
wrong	ADJ	13	ATE21
wrong	ADJ	13	ATE21
right	ADJ	36	ATE21
good	ADJ	27	ATE21
okay	ADJ	4	ATE21
complete	ADJ	10	ATE21
jerky	ADJ	4	ATE21
giant	ADJ	8	ATE21
like	ADJ	11	ATE21
kiddin	ADJ	0	ATE21
real	ADJ	13	ATE21
mixed	ADJ	8	ATE21
rough	ADJ	18	ATE21
sensitive	ADJ	6	ATE21
mixed	ADJ	8	ATE21
good	ADJ	27	ATE21
fun	ADJ	4	ATE21
well	ADJ	22	ATE21
good	ADJ	27	ATE21
cute	ADJ	2	ATE21
little	ADJ	10	ATE21
blue	ADJ	16	ATE21
complicated	ADJ	3	ATE21
great	ADJ	7	ATE21
cool	ADJ	11	ATE21
transparent	ADJ	4	ATE21
cool	ADJ	11	ATE21
more	ADJ	5	ATE21
well	ADJ	22	ATE21
incapable	ADJ	4	ATE21
mad	ADJ	4	ATE21
other	ADJ	4	ATE21
little	ADJ	10	ATE21
unknown	ADJ	8	ATE21
deadly	ADJ	8	ATE21
loud	ADJ	4	ATE21
entire	ADJ	5	ATE21
quick	ADJ	8	ATE21
bad	ADJ	17	ATE21
old	ADJ	9	ATE21
old	ADJ	9	ATE21
siamese	ADJ	7	ATE21
twin	ADJ	9	ATE21
alright	ADJ	4	ATE21
fine	ADJ	10	ATE21
fine	ADJ	10	ATE21
bad	ADJ	17	ATE21
bad	ADJ	17	ATE21
old	ADJ	9	ATE21
calm	ADJ	8	ATE21
common	ADJ	10	ATE21
normal	ADJ	5	ATE21
bottom	ADJ	12	ATE21
natural	ADJ	13	ATE21
powerful	ADJ	6	ATE21
pungent	ADJ	2	ATE21
deadly	ADJ	8	ATE21
such	ADJ	2	ATE21
sweet	ADJ	16	ATE21
siamese	ADJ	7	ATE21
jerky	ADJ	4	ATE21
wrong	ADJ	13	ATE21
steady	ADJ	10	ATE21
lookin	ADJ	0	ATE21
good	ADJ	27	ATE21
musical	ADJ	5	ATE21
perfect	ADJ	5	ATE21
tragic	ADJ	2	ATE21
new	ADJ	12	ATE21
sure	ADJ	10	ATE21
musical	ADJ	5	ATE21
open	ADJ	36	ATE21
good	ADJ	27	ATE21
real	ADJ	13	ATE21
right	ADJ	36	ATE21
good	ADJ	27	ATE21
sticky	ADJ	5	ATE21
sticky	ADJ	5	ATE21
short	ADJ	23	ATE21
sensitive	ADJ	6	ATE21
dumb	ADJ	4	ATE21
super	ADJ	5	ATE21
real	ADJ	13	ATE21
pathetic	ADJ	3	ATE21
comical	ADJ	1	ATE21
angry	ADJ	3	ATE21
feelin	ADJ	0	ATE21
obnoxious	ADJ	1	ATE21
ready	ADJ	8	ATE21
new	ADJ	12	ATE21
sorry	ADJ	4	ATE21
tired	ADJ	6	ATE21
many	ADJ	1	ATE22
old	ADJ	9	ATE22
poor	ADJ	7	ATE22
old	ADJ	9	ATE22
old	ADJ	9	ATE22
favorite	ADJ	5	ATE22
little	ADJ	10	ATE22
poor	ADJ	7	ATE22
old	ADJ	9	ATE22
old	ADJ	9	ATE22
old	ADJ	9	ATE22
free	ADJ	22	ATE22
old	ADJ	9	ATE22
old	ADJ	9	ATE22
free	ADJ	22	ATE22
horrific	ADJ	2	ATE22
old	ADJ	9	ATE22
lucky	ADJ	3	ATE22
first	ADJ	16	ATE22
like	ADJ	11	ATE22
sentient	ADJ	2	ATE22
innocent	ADJ	8	ATE22
white	ADJ	25	ATE22
yellow	ADJ	8	ATE22
yellow	ADJ	8	ATE22
open	ADJ	36	ATE22
yellow	ADJ	8	ATE22
perfect	ADJ	5	ATE22
human	ADJ	4	ATE22
white	ADJ	25	ATE22
liquid	ADJ	11	ATE22
sorry	ADJ	4	ATE22
single	ADJ	10	ATE22
right	ADJ	36	ATE22
married	ADJ	5	ATE22
enough	ADJ	3	ATE22
light	ADJ	47	ATE22
blue	ADJ	16	ATE22
white	ADJ	25	ATE22
triangular	ADJ	2	ATE22
red	ADJ	7	ATE22
immobile	ADJ	2	ATE22
crimson	ADJ	5	ATE22
red	ADJ	7	ATE22
delicious	ADJ	3	ATE22
wrong	ADJ	13	ATE22
white	ADJ	25	ATE22
beautiful	ADJ	2	ATE22
more	ADJ	5	ATE22
wrong	ADJ	13	ATE22
little	ADJ	10	ATE22
dead	ADJ	21	ATE22
undead	ADJ	0	ATE22
black	ADJ	22	ATE22
dead	ADJ	21	ATE22
eeehhh	ADJ	0	ATE22
ready	ADJ	8	ATE22
evil	ADJ	6	ATE22
rear	ADJ	11	ATE22
undead	ADJ	0	ATE22
white	ADJ	25	ATE22
excited	ADJ	12	ATE22
wild	ADJ	17	ATE22
entire	ADJ	5	ATE22
bombastic	ADJ	1	ATE22
bad	ADJ	17	ATE22
second	ADJ	15	ATE22
first	ADJ	16	ATE22
wonderful	ADJ	1	ATE22
next	ADJ	4	ATE22
late	ADJ	11	ATE22
bad	ADJ	17	ATE22
bad	ADJ	17	ATE22
cute	ADJ	2	ATE22
right	ADJ	36	ATE22
sure	ADJ	10	ATE22
cute	ADJ	2	ATE22
dimple	ADJ	5	ATE22
dimple	ADJ	5	ATE22
cool	ADJ	11	ATE22
dimple	ADJ	5	ATE22
sure	ADJ	10	ATE22
sure	ADJ	10	ATE22
happy	ADJ	4	ATE22
white	ADJ	25	ATE22
white	ADJ	25	ATE22
white	ADJ	25	ATE22
adorable	ADJ	1	ATE22
dimple	ADJ	5	ATE22
free	ADJ	22	ATE22
bad	ADJ	17	ATE22
next	ADJ	4	ATE22
peach	ADJ	5	ATE22
peach	ADJ	5	ATE22
red	ADJ	7	ATE22
peach	ADJ	5	ATE22
white	ADJ	25	ATE22
sure	ADJ	10	ATE22
good	ADJ	27	ATE22
casual	ADJ	9	ATE22
hardcore	ADJ	2	ATE22
peach	ADJ	5	ATE22
peach	ADJ	5	ATE22
gray	ADJ	15	ATE22
old	ADJ	9	ATE22
old	ADJ	9	ATE22
gray	ADJ	15	ATE22
ready	ADJ	8	ATE22
unholy	ADJ	3	ATE22
free	ADJ	22	ATE22
yellow	ADJ	8	ATE22
other	ADJ	4	ATE22
yellow	ADJ	8	ATE22
radical	ADJ	11	ATE22
free	ADJ	22	ATE22
cool	ADJ	11	ATE22
big	ADJ	17	ATE22
right	ADJ	36	ATE22
ready	ADJ	8	ATE23
ready	ADJ	8	ATE23
cool	ADJ	11	ATE23
dark	ADJ	16	ATE23
big	ADJ	17	ATE23
beautiful	ADJ	2	ATE23
stayin	ADJ	0	ATE23
new	ADJ	12	ATE23
cool	ADJ	11	ATE23
interesting	ADJ	4	ATE23
shut	ADJ	5	ATE23
weak	ADJ	12	ATE23
rockin	ADJ	0	ATE23
kick	ADJ	14	ATE23
kick	ADJ	14	ATE23
imaginative	ADJ	1	ATE23
near	ADJ	9	ATE23
intense	ADJ	3	ATE23
like	ADJ	11	ATE23
real	ADJ	13	ATE23
own	ADJ	2	ATE23
alive	ADJ	7	ATE23
well	ADJ	22	ATE23
new	ADJ	12	ATE23
amazing	ADJ	4	ATE23
cute	ADJ	2	ATE23
easy	ADJ	15	ATE23
bad	ADJ	17	ATE23
cosmic	ADJ	2	ATE23
well	ADJ	22	ATE23
invisible	ADJ	2	ATE23
invisible	ADJ	2	ATE23
angry	ADJ	3	ATE23
high	ADJ	18	ATE23
short	ADJ	23	ATE23
imaginary	ADJ	2	ATE23
mysterious	ADJ	2	ATE23
simple	ADJ	9	ATE23
other	ADJ	4	ATE23
imaginary	ADJ	2	ATE23
sorry	ADJ	4	ATE23
sorry	ADJ	4	ATE23
okay	ADJ	4	ATE23
big	ADJ	17	ATE23
celebratory	ADJ	1	ATE23
about	ADJ	8	ATE23
clear	ADJ	45	ATE23
cute	ADJ	2	ATE23
invisible	ADJ	2	ATE23
invisible	ADJ	2	ATE23
clear	ADJ	45	ATE23
invisible	ADJ	2	ATE23
imaginary	ADJ	2	ATE23
few	ADJ	2	ATE23
regular	ADJ	17	ATE23
awake	ADJ	3	ATE23
healthy	ADJ	5	ATE23
bombastic	ADJ	1	ATE23
bombastic	ADJ	1	ATE23
amazing	ADJ	4	ATE23
amazing	ADJ	4	ATE23
amazing	ADJ	4	ATE23
continuous	ADJ	2	ATE23
continuous	ADJ	2	ATE23
true	ADJ	15	ATE23
mine	ADJ	4	ATE23
happy	ADJ	4	ATE23
purposeless	ADJ	2	ATE23
late	ADJ	11	ATE23
dainty	ADJ	5	ATE23
mad	ADJ	4	ATE23
bad	ADJ	17	ATE23
lame	ADJ	5	ATE23
least	ADJ	3	ATE23
former	ADJ	5	ATE23
latter	ADJ	2	ATE23
gentle	ADJ	10	ATE23
young	ADJ	14	ATE23
secret	ADJ	14	ATE23
civilized	ADJ	4	ATE23
robotic	ADJ	2	ATE23
hyper	ADJ	0	ATE23
frustrated	ADJ	3	ATE23
normal	ADJ	5	ATE23
normal	ADJ	5	ATE23
naked	ADJ	5	ATE23
okay	ADJ	4	ATE23
mmmm	ADJ	0	ATE23
clear	ADJ	45	ATE23
good	ADJ	27	ATE23
secret	ADJ	14	ATE24
underway	ADJ	1	ATE24
loud	ADJ	4	ATE24
front	ADJ	13	ATE24
brittle	ADJ	4	ATE24
brittle	ADJ	4	ATE24
giant	ADJ	8	ATE24
sweet	ADJ	16	ATE24
more	ADJ	5	ATE24
more	ADJ	5	ATE24
sure	ADJ	10	ATE24
good	ADJ	27	ATE24
dark	ADJ	16	ATE24
gloomy	ADJ	3	ATE24
gloomy	ADJ	3	ATE24
deserted	ADJ	4	ATE24
secret	ADJ	14	ATE24
lousy	ADJ	3	ATE24
awful	ADJ	7	ATE24
long	ADJ	12	ATE24
more	ADJ	5	ATE24
sorry	ADJ	4	ATE24
prepared	ADJ	11	ATE24
total	ADJ	7	ATE24
magical	ADJ	1	ATE24
menacing	ADJ	4	ATE24
giant	ADJ	8	ATE24
well	ADJ	22	ATE24
sorry	ADJ	4	ATE24
sorry	ADJ	4	ATE24
full	ADJ	13	ATE24
first	ADJ	16	ATE24
meaningless	ADJ	1	ATE24
bad	ADJ	17	ATE24
ready	ADJ	8	ATE24
recent	ADJ	3	ATE24
rockin	ADJ	0	ATE24
bad	ADJ	17	ATE24
terrible	ADJ	4	ATE24
true	ADJ	15	ATE24
dark	ADJ	16	ATE24
behold	ADJ	1	ATE24
true	ADJ	15	ATE24
crazy	ADJ	6	ATE24
right	ADJ	36	ATE24
much	ADJ	7	ATE24
bad	ADJ	17	ATE24
wrong	ADJ	13	ATE24
offscreen	ADJ	0	ATE24
glad	ADJ	5	ATE24
bad	ADJ	17	ATE24
wrong	ADJ	13	ATE24
more	ADJ	5	ATE24
good	ADJ	27	ATE24
fist	ADJ	1	ATE24
magic	ADJ	3	ATE24
sorry	ADJ	4	ATE24
secret	ADJ	14	ATE24
pink	ADJ	7	ATE24
proud	ADJ	2	ATE24
right	ADJ	36	ATE24
enraged	ADJ	2	ATE24
full	ADJ	13	ATE24
sick	ADJ	9	ATE24
other	ADJ	4	ATE24
old	ADJ	9	ATE24
sick	ADJ	9	ATE24
new	ADJ	12	ATE24
entire	ADJ	5	ATE24
blue	ADJ	16	ATE24
only	ADJ	9	ATE24
pained	ADJ	3	ATE24
sound	ADJ	24	ATE24
common	ADJ	10	ATE24
straight	ADJ	21	ATE24
worth	ADJ	5	ATE24
virile	ADJ	3	ATE24
right	ADJ	36	ATE24
ominous	ADJ	2	ATE24
ready	ADJ	8	ATE24
weird	ADJ	3	ATE24
right	ADJ	36	ATE24
other	ADJ	4	ATE24
right	ADJ	36	ATE24
sound	ADJ	24	ATE24
giddy	ADJ	2	ATE24
shrunken	ADJ	7	ATE24
own	ADJ	2	ATE24
good	ADJ	27	ATE24
dead	ADJ	21	ATE24
only	ADJ	9	ATE24
loud	ADJ	4	ATE24
healthy	ADJ	5	ATE24
healthy	ADJ	5	ATE24
More	ADJ	5	ATE24
candy	ADJ	2	ATE24
well	ADJ	22	ATE24
happy	ADJ	4	ATE24
good	ADJ	27	ATE24
lifeless	ADJ	4	ATE24
mean	ADJ	16	ATE24
lifeless	ADJ	4	ATE24
dead	ADJ	21	ATE24
dead	ADJ	21	ATE24
great	ADJ	7	ATE25
last	ADJ	21	ATE25
terminal	ADJ	9	ATE25
inflatable	ADJ	1	ATE25
mini	ADJ	2	ATE25
funky	ADJ	4	ATE25
tiny	ADJ	1	ATE25
musical	ADJ	5	ATE25
mathematical	ADJ	5	ATE25
cool	ADJ	11	ATE25
legendary	ADJ	2	ATE25
cool	ADJ	11	ATE25
huge	ADJ	1	ATE25
little	ADJ	10	ATE25
paunchy	ADJ	1	ATE25
pointless	ADJ	2	ATE25
own	ADJ	2	ATE25
wrong	ADJ	13	ATE25
pointless	ADJ	2	ATE25
different	ADJ	5	ATE25
dead	ADJ	21	ATE25
silly	ADJ	5	ATE25
little	ADJ	10	ATE25
magic	ADJ	3	ATE25
evil	ADJ	6	ATE25
new	ADJ	12	ATE25
hopeless	ADJ	4	ATE25
other	ADJ	4	ATE25
active	ADJ	17	ATE25
nonviolent	ADJ	2	ATE25
secret	ADJ	14	ATE25
tough	ADJ	12	ATE25
easy	ADJ	15	ATE25
horrible	ADJ	1	ATE25
wrong	ADJ	13	ATE25
hungry	ADJ	2	ATE25
more	ADJ	5	ATE25
weird	ADJ	3	ATE25
well	ADJ	22	ATE25
free	ADJ	22	ATE25
free	ADJ	22	ATE25
hungry	ADJ	2	ATE25
sure	ADJ	10	ATE25
adequate	ADJ	3	ATE25
other	ADJ	4	ATE25
great	ADJ	7	ATE25
alive	ADJ	7	ATE25
beautiful	ADJ	2	ATE25
More	ADJ	5	ATE25
much	ADJ	7	ATE25
empty	ADJ	10	ATE25
evil	ADJ	6	ATE25
useless	ADJ	1	ATE25
chunk	ADJ	4	ATE25
new	ADJ	12	ATE25
broken	ADJ	72	ATE25
fancy	ADJ	6	ATE25
content	ADJ	10	ATE25
small	ADJ	13	ATE25
magic	ADJ	3	ATE25
extra	ADJ	7	ATE25
nonviolent	ADJ	2	ATE25
first	ADJ	16	ATE25
good	ADJ	27	ATE25
little	ADJ	10	ATE25
first	ADJ	16	ATE25
nonviolent	ADJ	2	ATE25
frustrated	ADJ	3	ATE25
medical	ADJ	4	ATE25
hot	ADJ	21	ATE25
smokin	ADJ	0	ATE25
serious	ADJ	6	ATE25
new	ADJ	12	ATE25
complete	ADJ	10	ATE25
hot	ADJ	21	ATE25
powerful	ADJ	6	ATE25
pained	ADJ	3	ATE25
magic	ADJ	3	ATE25
left	ADJ	24	ATE25
robotic	ADJ	2	ATE25
cyborg	ADJ	1	ATE25
hot	ADJ	21	ATE25
right	ADJ	36	ATE25
hot	ADJ	21	ATE25
lumpy	ADJ	2	ATE25
beautiful	ADJ	2	ATE25
robotic	ADJ	2	ATE25
nonviolent	ADJ	2	ATE25
bummed	ADJ	2	ATE25
halfway	ADJ	4	ATE25
weeeelcooome	ADJ	0	ATE25
more	ADJ	5	ATE25
hey	ADJ	0	ATE25
quiet	ADJ	13	ATE25
heavy	ADJ	30	ATE25
evil	ADJ	6	ATE25
old	ADJ	9	ATE25
old	ADJ	9	ATE25
righteous	ADJ	2	ATE25
old	ADJ	9	ATE25
right	ADJ	36	ATE25
wrong	ADJ	13	ATE25
great	ADJ	7	ATE25
violent	ADJ	5	ATE25
old	ADJ	9	ATE25
true	ADJ	15	ATE25
evil	ADJ	6	ATE25
old	ADJ	9	ATE25
rowdy	ADJ	2	ATE25
old	ADJ	9	ATE25
old	ADJ	9	ATE25
old	ADJ	9	ATE25
clear	ADJ	45	ATE25
exciting	ADJ	10	ATE25
old	ADJ	9	ATE25
old	ADJ	9	ATE25
pointless	ADJ	2	ATE25
old	ADJ	9	ATE25
dead	ADJ	21	ATE25
bad	ADJ	17	ATE25
old	ADJ	9	ATE25
alive	ADJ	7	ATE25
happy	ADJ	4	ATE25
elated	ADJ	3	ATE25
right	ADJ	36	ATE25
very	ADJ	4	ATE25
literal	ADJ	5	ATE25
freakin	ADJ	0	ATE25
old	ADJ	9	ATE25
old	ADJ	9	ATE25
horrible	ADJ	1	ATE26
distant	ADJ	5	ATE26
several	ADJ	3	ATE26
awesome	ADJ	1	ATE26
big	ADJ	17	ATE26
bad	ADJ	17	ATE26
scary	ADJ	1	ATE26
wee	ADJ	4	ATE26
sized	ADJ	5	ATE26
scared	ADJ	4	ATE26
wee	ADJ	4	ATE26
wee	ADJ	4	ATE26
wee'd	ADJ	0	ATE26
terrified	ADJ	2	ATE26
-	ADJ	0	ATE26
wee	ADJ	4	ATE26
weird	ADJ	3	ATE26
kiddin	ADJ	0	ATE26
normal	ADJ	5	ATE26
cute	ADJ	2	ATE26
little	ADJ	10	ATE26
cute	ADJ	2	ATE26
monstrous	ADJ	3	ATE26
true	ADJ	15	ATE26
interesting	ADJ	4	ATE26
ridiculous	ADJ	3	ATE26
normal	ADJ	5	ATE26
cute	ADJ	2	ATE26
little	ADJ	10	ATE26
cute	ADJ	2	ATE26
hot	ADJ	21	ATE26
mad	ADJ	4	ATE26
cute	ADJ	2	ATE26
cute	ADJ	2	ATE26
cute	ADJ	2	ATE26
cute	ADJ	2	ATE26
cute	ADJ	2	ATE26
big	ADJ	17	ATE26
cute	ADJ	2	ATE26
creepy	ADJ	2	ATE26
worried	ADJ	8	ATE26
perfect	ADJ	5	ATE26
fat	ADJ	9	ATE26
several	ADJ	3	ATE26
spiky	ADJ	1	ATE26
very	ADJ	4	ATE26
weird	ADJ	3	ATE26
different	ADJ	5	ATE26
scared	ADJ	4	ATE26
spiky	ADJ	1	ATE26
good	ADJ	27	ATE26
cute	ADJ	2	ATE26
weird	ADJ	3	ATE26
obvious	ADJ	1	ATE26
spiky	ADJ	1	ATE26
spiky	ADJ	1	ATE26
good	ADJ	27	ATE26
enough	ADJ	3	ATE26
free	ADJ	22	ATE26
old	ADJ	9	ATE26
cute	ADJ	2	ATE26
sharp	ADJ	15	ATE26
little	ADJ	10	ATE26
cutesy	ADJ	0	ATE26
little	ADJ	10	ATE26
cutesy	ADJ	0	ATE26
cute	ADJ	2	ATE26
fit	ADJ	16	ATE26
huge	ADJ	1	ATE26
stupid	ADJ	4	ATE26
crazy	ADJ	6	ATE26
radical	ADJ	11	ATE26
normal	ADJ	5	ATE26
normal	ADJ	5	ATE26
nuts	ADJ	9	ATE26
crazy	ADJ	6	ATE26
like	ADJ	11	ATE26
crazy	ADJ	6	ATE26
good	ADJ	27	ATE26
good	ADJ	27	ATE26
more	ADJ	5	ATE26
spiky	ADJ	1	ATE26
open	ADJ	36	ATE26
spiky	ADJ	1	ATE26
hot	ADJ	21	ATE26
spiky	ADJ	1	ATE26
naughty	ADJ	2	ATE26
spiky	ADJ	1	ATE26
spiky	ADJ	1	ATE26
high	ADJ	18	ATE3
giant	ADJ	8	ATE3
big	ADJ	17	ATE3
holy	ADJ	2	ATE3
big	ADJ	17	ATE3
front	ADJ	13	ATE3
hot	ADJ	21	ATE3
sexy	ADJ	2	ATE3
hot	ADJ	21	ATE3
sexy	ADJ	2	ATE3
hot	ADJ	21	ATE3
small	ADJ	13	ATE3
cool	ADJ	11	ATE3
cool	ADJ	11	ATE3
angry	ADJ	3	ATE3
sure	ADJ	10	ATE3
plastic	ADJ	5	ATE3
captive	ADJ	5	ATE3
okay	ADJ	4	ATE3
first	ADJ	16	ATE3
sure	ADJ	10	ATE3
right	ADJ	36	ATE3
young	ADJ	14	ATE3
serious	ADJ	6	ATE3
sweet	ADJ	16	ATE3
worried	ADJ	8	ATE3
nuts	ADJ	9	ATE3
sad	ADJ	3	ATE3
little	ADJ	10	ATE3
okay	ADJ	4	ATE3
free	ADJ	22	ATE3
fine	ADJ	10	ATE3
sorry	ADJ	4	ATE3
alright	ADJ	4	ATE3
favorite	ADJ	5	ATE3
quirky	ADJ	1	ATE3
little	ADJ	10	ATE3
possible	ADJ	4	ATE3
bored	ADJ	4	ATE3
last	ADJ	21	ATE3
fun	ADJ	4	ATE3
lame	ADJ	5	ATE3
other	ADJ	4	ATE3
same	ADJ	6	ATE3
middle	ADJ	9	ATE3
electric	ADJ	4	ATE3
dear	ADJ	8	ATE3
much	ADJ	7	ATE3
fun	ADJ	4	ATE3
fun	ADJ	4	ATE3
more	ADJ	5	ATE3
fun	ADJ	4	ATE3
right	ADJ	36	ATE3
good	ADJ	27	ATE3
good	ADJ	27	ATE3
fun	ADJ	4	ATE3
fun	ADJ	4	ATE3
good	ADJ	27	ATE3
fun	ADJ	4	ATE3
fun	ADJ	4	ATE3
good	ADJ	27	ATE3
entire	ADJ	5	ATE3
fun	ADJ	4	ATE3
simple	ADJ	9	ATE3
more	ADJ	5	ATE3
free	ADJ	22	ATE3
wrong	ADJ	13	ATE3
potential	ADJ	4	ATE3
naked	ADJ	5	ATE3
magic	ADJ	3	ATE3
shaggy	ADJ	2	ATE3
hard	ADJ	22	ATE3
good	ADJ	27	ATE3
wrong	ADJ	13	ATE3
big	ADJ	17	ATE3
cool	ADJ	11	ATE3
star	ADJ	12	ATE3
ticklish	ADJ	1	ATE3
welcome	ADJ	6	ATE3
gross	ADJ	10	ATE3
sorry	ADJ	4	ATE3
good	ADJ	27	ATE4
new	ADJ	12	ATE4
new	ADJ	12	ATE4
delicious	ADJ	3	ATE4
good	ADJ	27	ATE4
well	ADJ	22	ATE4
outer	ADJ	13	ATE4
lame	ADJ	5	ATE4
sorry	ADJ	4	ATE4
rare	ADJ	6	ATE4
awesome	ADJ	1	ATE4
deep	ADJ	21	ATE4
evil	ADJ	6	ATE4
cute	ADJ	2	ATE4
little	ADJ	10	ATE4
own	ADJ	2	ATE4
satisfied	ADJ	5	ATE4
high	ADJ	18	ATE4
high	ADJ	18	ATE4
weak	ADJ	12	ATE4
squishy	ADJ	1	ATE4
cool	ADJ	11	ATE4
perfect	ADJ	5	ATE4
careful	ADJ	5	ATE4
evil	ADJ	6	ATE4
holographic	ADJ	3	ATE4
evil	ADJ	6	ATE4
pretty	ADJ	3	ATE4
old	ADJ	9	ATE4
bonkers	ADJ	1	ATE4
evil	ADJ	6	ATE4
fine	ADJ	10	ATE4
fine	ADJ	10	ATE4
fine	ADJ	10	ATE4
sure	ADJ	10	ATE4
fine	ADJ	10	ATE4
fine	ADJ	10	ATE4
fine	ADJ	10	ATE4
fine	ADJ	10	ATE4
fine	ADJ	10	ATE4
fine	ADJ	10	ATE4
evil	ADJ	6	ATE4
evil	ADJ	6	ATE4
enough	ADJ	3	ATE4
evil	ADJ	6	ATE4
nice	ADJ	6	ATE4
many	ADJ	1	ATE4
crummy	ADJ	1	ATE4
big	ADJ	17	ATE4
old	ADJ	9	ATE4
mad	ADJ	4	ATE4
mad	ADJ	4	ATE4
super	ADJ	5	ATE4
-	ADJ	0	ATE4
cute	ADJ	2	ATE4
mad	ADJ	4	ATE4
top	ADJ	22	ATE4
top	ADJ	22	ATE4
womanly	ADJ	1	ATE4
many	ADJ	1	ATE4
lonely	ADJ	4	ATE4
magic	ADJ	3	ATE4
weak	ADJ	12	ATE4
sexy	ADJ	2	ATE4
terrible	ADJ	4	ATE4
horrible	ADJ	1	ATE4
huge	ADJ	1	ATE4
mad	ADJ	4	ATE4
huge	ADJ	1	ATE4
upset	ADJ	17	ATE4
precious	ADJ	5	ATE4
oww	ADJ	0	ATE4
precious	ADJ	5	ATE4
total	ADJ	7	ATE4
okay	ADJ	4	ATE4
okay	ADJ	4	ATE4
okay	ADJ	4	ATE4
stupid	ADJ	4	ATE4
stupid	ADJ	4	ATE4
shocking	ADJ	9	ATE4
crazy	ADJ	6	ATE5
wonderful	ADJ	1	ATE5
marvelous	ADJ	3	ATE5
safe	ADJ	7	ATE5
secret	ADJ	14	ATE5
secret	ADJ	14	ATE5
yellow	ADJ	8	ATE5
magical	ADJ	1	ATE5
righteous	ADJ	2	ATE5
manly	ADJ	3	ATE5
righteous	ADJ	2	ATE5
high	ADJ	18	ATE5
human	ADJ	4	ATE5
young	ADJ	14	ATE5
-	ADJ	0	ATE5
many	ADJ	1	ATE5
noble	ADJ	5	ATE5
grueling	ADJ	1	ATE5
alive	ADJ	7	ATE5
dead	ADJ	21	ATE5
true	ADJ	15	ATE5
worthy	ADJ	4	ATE5
certain	ADJ	7	ATE5
welcome	ADJ	6	ATE5
key	ADJ	21	ATE5
cute	ADJ	2	ATE5
most	ADJ	5	ATE5
first	ADJ	16	ATE5
young	ADJ	14	ATE5
many	ADJ	1	ATE5
treacherous	ADJ	2	ATE5
last	ADJ	21	ATE5
more	ADJ	5	ATE5
alright	ADJ	4	ATE5
fine	ADJ	10	ATE5
menacing	ADJ	4	ATE5
old	ADJ	9	ATE5
old	ADJ	9	ATE5
la	ADJ	3	ATE5
old	ADJ	9	ATE5
old	ADJ	9	ATE5
old	ADJ	9	ATE5
old	ADJ	9	ATE5
old	ADJ	9	ATE5
old	ADJ	9	ATE5
old	ADJ	9	ATE5
blue	ADJ	16	ATE5
old	ADJ	9	ATE5
old	ADJ	9	ATE5
sad	ADJ	3	ATE5
big	ADJ	17	ATE5
old	ADJ	9	ATE5
other	ADJ	4	ATE5
big	ADJ	17	ATE5
old	ADJ	9	ATE5
other	ADJ	4	ATE5
distressed	ADJ	6	ATE5
old	ADJ	9	ATE5
old	ADJ	9	ATE5
righteous	ADJ	2	ATE5
wrongteous	ADJ	0	ATE5
regular	ADJ	17	ATE5
old	ADJ	9	ATE5
sweet	ADJ	16	ATE5
real	ADJ	13	ATE5
just	ADJ	10	ATE5
heroic	ADJ	6	ATE5
smart	ADJ	9	ATE5
giant	ADJ	8	ATE5
ok	ADJ	4	ATE5
impossible	ADJ	4	ATE5
long	ADJ	12	ATE5
giant	ADJ	8	ATE5
opposite	ADJ	11	ATE5
big	ADJ	17	ATE5
fine	ADJ	10	ATE5
okay	ADJ	4	ATE5
weird	ADJ	3	ATE5
righteous	ADJ	2	ATE5
long	ADJ	12	ATE5
righteous	ADJ	2	ATE5
aware	ADJ	2	ATE5
black	ADJ	22	ATE5
gray	ADJ	15	ATE5
disembodied	ADJ	2	ATE5
final	ADJ	5	ATE5
giant	ADJ	8	ATE5
evil	ADJ	6	ATE5
evil	ADJ	6	ATE5
last	ADJ	21	ATE5
evil	ADJ	6	ATE5
good	ADJ	27	ATE5
neutral	ADJ	8	ATE5
unaligned	ADJ	0	ATE5
real	ADJ	13	ATE5
red	ADJ	7	ATE5
key	ADJ	21	ATE5
sorry	ADJ	4	ATE5
little	ADJ	10	ATE5
devil	ADJ	7	ATE5
ready	ADJ	8	ATE5
mannish	ADJ	2	ATE5
mannish	ADJ	2	ATE5
mannish	ADJ	2	ATE5
manly	ADJ	3	ATE5
mannish	ADJ	2	ATE5
mannish	ADJ	2	ATE5
mannish	ADJ	2	ATE5
magical	ADJ	1	ATE5
ready	ADJ	8	ATE5
mannish	ADJ	2	ATE5
small	ADJ	13	ATE5
mannish	ADJ	2	ATE5
mannish	ADJ	2	ATE5
good	ADJ	27	ATE5
righteous	ADJ	2	ATE5
giant	ADJ	8	ATE5
true	ADJ	15	ATE5
open	ADJ	36	ATE5
magical	ADJ	1	ATE5
mannish	ADJ	2	ATE5
mannish	ADJ	2	ATE5
mannish	ADJ	2	ATE5
mannish	ADJ	2	ATE5
unknown	ADJ	8	ATE6
little	ADJ	10	ATE6
little	ADJ	10	ATE6
little	ADJ	10	ATE6
small	ADJ	13	ATE6
safe	ADJ	7	ATE6
adorable	ADJ	1	ATE6
more	ADJ	5	ATE6
good	ADJ	27	ATE6
fine	ADJ	10	ATE6
jiggly	ADJ	0	ATE6
good	ADJ	27	ATE6
little	ADJ	10	ATE6
sweet	ADJ	16	ATE6
little	ADJ	10	ATE6
new	ADJ	12	ATE6
cool	ADJ	11	ATE6
more	ADJ	5	ATE6
tired	ADJ	6	ATE6
comfy	ADJ	1	ATE6
ready	ADJ	8	ATE6
ok	ADJ	4	ATE6
little	ADJ	10	ATE6
ready	ADJ	8	ATE6
loose	ADJ	18	ATE6
limp	ADJ	5	ATE6
weird	ADJ	3	ATE6
extraordinary	ADJ	3	ATE6
doooowwwn	ADJ	0	ATE6
purple	ADJ	7	ATE6
strange	ADJ	3	ATE6
good	ADJ	27	ATE6
pink	ADJ	7	ATE6
wrong	ADJ	13	ATE6
purple	ADJ	7	ATE6
hot	ADJ	21	ATE6
favorite	ADJ	5	ATE6
awesome	ADJ	1	ATE6
bad	ADJ	17	ATE6
tough	ADJ	12	ATE6
awesome	ADJ	1	ATE6
nuts	ADJ	9	ATE6
sick	ADJ	9	ATE6
pink	ADJ	7	ATE6
wrong	ADJ	13	ATE6
wrong	ADJ	13	ATE6
ready	ADJ	8	ATE6
little	ADJ	10	ATE6
different	ADJ	5	ATE6
new	ADJ	12	ATE6
quick	ADJ	8	ATE6
more	ADJ	5	ATE6
terrible	ADJ	4	ATE6
more	ADJ	5	ATE6
well	ADJ	22	ATE6
right	ADJ	36	ATE6
little	ADJ	10	ATE6
pink	ADJ	7	ATE6
distressed	ADJ	6	ATE6
holy	ADJ	2	ATE6
weak	ADJ	12	ATE6
globular	ADJ	1	ATE6
least	ADJ	3	ATE6
dead	ADJ	21	ATE6
various	ADJ	4	ATE6
many	ADJ	1	ATE6
different	ADJ	5	ATE6
able	ADJ	4	ATE6
little	ADJ	10	ATE6
several	ADJ	3	ATE6
pink	ADJ	7	ATE6
weak	ADJ	12	ATE6
little	ADJ	10	ATE6
enraged	ADJ	2	ATE6
enraged	ADJ	2	ATE6
weak	ADJ	12	ATE6
crazy	ADJ	6	ATE6
cold	ADJ	16	ATE6
little	ADJ	10	ATE6
fair	ADJ	17	ATE6
angry	ADJ	3	ATE6
like	ADJ	11	ATE6
other	ADJ	4	ATE6
pink	ADJ	7	ATE6
enraged	ADJ	2	ATE6
own	ADJ	2	ATE6
wild	ADJ	17	ATE6
normal	ADJ	5	ATE6
foolish	ADJ	2	ATE7
posterior	ADJ	4	ATE7
posterior	ADJ	4	ATE7
posterior	ADJ	4	ATE7
other	ADJ	4	ATE7
welcome	ADJ	6	ATE7
next	ADJ	4	ATE7
ridiculous	ADJ	3	ATE7
funny	ADJ	5	ATE7
ready	ADJ	8	ATE7
focused	ADJ	8	ATE7
other	ADJ	4	ATE7
consensual	ADJ	1	ATE7
holy	ADJ	2	ATE7
great	ADJ	7	ATE7
glad	ADJ	5	ATE7
super	ADJ	5	ATE7
cute	ADJ	2	ATE7
irritated	ADJ	4	ATE7
ancient	ADJ	4	ATE7
balbaflonic	ADJ	0	ATE7
plasmodial	ADJ	0	ATE7
weird	ADJ	3	ATE7
new	ADJ	12	ATE7
independent	ADJ	6	ATE7
pro	ADJ	4	ATE7
low	ADJ	16	ATE7
good	ADJ	27	ATE7
good	ADJ	27	ATE7
jealous	ADJ	2	ATE7
weird	ADJ	3	ATE7
jealous	ADJ	2	ATE7
bad	ADJ	17	ATE7
alone	ADJ	6	ATE7
twisty	ADJ	1	ATE7
super	ADJ	5	ATE7
smart	ADJ	9	ATE7
weird	ADJ	3	ATE7
foldy	ADJ	0	ATE7
dramatic	ADJ	4	ATE7
sinister	ADJ	3	ATE7
romantic	ADJ	5	ATE7
big	ADJ	17	ATE7
pink	ADJ	7	ATE7
serious	ADJ	6	ATE7
wrong	ADJ	13	ATE7
wicked	ADJ	5	ATE7
wicked	ADJ	5	ATE7
nice	ADJ	6	ATE7
little	ADJ	10	ATE7
naive	ADJ	5	ATE7
holy	ADJ	2	ATE7
right	ADJ	36	ATE7
good	ADJ	27	ATE7
suspicious	ADJ	2	ATE7
super	ADJ	5	ATE7
-	ADJ	0	ATE7
powerful	ADJ	6	ATE7
less	ADJ	5	ATE7
evil	ADJ	6	ATE7
good	ADJ	27	ATE7
evil	ADJ	6	ATE7
nice	ADJ	6	ATE7
evil	ADJ	6	ATE7
evil	ADJ	6	ATE7
annoyed	ADJ	3	ATE7
complete	ADJ	10	ATE7
alright	ADJ	4	ATE7
balbaflonic	ADJ	0	ATE7
little	ADJ	10	ATE7
threatening	ADJ	5	ATE7
fragile	ADJ	3	ATE7
jealous	ADJ	2	ATE7
wrong	ADJ	13	ATE7
dark	ADJ	16	ATE7
wrong	ADJ	13	ATE7
evil	ADJ	6	ATE7
enervated	ADJ	3	ATE7
total	ADJ	7	ATE7
weak	ADJ	12	ATE7
current	ADJ	4	ATE7
dead	ADJ	21	ATE7
next	ADJ	4	ATE7
right	ADJ	36	ATE7
big	ADJ	17	ATE7
engaging	ADJ	11	ATE7
weak	ADJ	12	ATE7
own	ADJ	2	ATE7
villainous	ADJ	1	ATE7
old	ADJ	9	ATE7
wonderful	ADJ	1	ATE7
full	ADJ	13	ATE7
jealous	ADJ	2	ATE7
jealous	ADJ	2	ATE7
posterior	ADJ	4	ATE7
deep	ADJ	21	ATE7
normal	ADJ	5	ATE7
several	ADJ	3	ATE8
more	ADJ	5	ATE8
more	ADJ	5	ATE8
chubby	ADJ	1	ATE8
enough	ADJ	3	ATE8
hard	ADJ	22	ATE8
hard	ADJ	22	ATE8
lazy	ADJ	2	ATE8
huge	ADJ	1	ATE8
creepy	ADJ	2	ATE8
buncha	ADJ	0	ATE8
full	ADJ	13	ATE8
huge	ADJ	1	ATE8
red	ADJ	7	ATE8
red	ADJ	7	ATE8
red	ADJ	7	ATE8
red	ADJ	7	ATE8
red	ADJ	7	ATE8
more	ADJ	5	ATE8
efficient	ADJ	2	ATE8
murmur	ADJ	6	ATE8
fun	ADJ	4	ATE8
excited	ADJ	12	ATE8
several	ADJ	3	ATE8
poor	ADJ	7	ATE8
happy	ADJ	4	ATE8
full	ADJ	13	ATE8
able	ADJ	4	ATE8
fun	ADJ	4	ATE8
right	ADJ	36	ATE8
right	ADJ	36	ATE8
red	ADJ	7	ATE8
red	ADJ	7	ATE8
weird	ADJ	3	ATE8
red	ADJ	7	ATE8
ready	ADJ	8	ATE8
shiny	ADJ	3	ATE8
stinkin	ADJ	0	ATE8
sharp	ADJ	15	ATE8
different	ADJ	5	ATE8
clean	ADJ	31	ATE8
radd	ADJ	0	ATE8
fast	ADJ	15	ATE8
more	ADJ	5	ATE8
adequate	ADJ	3	ATE8
later	ADJ	12	ATE8
tired	ADJ	6	ATE8
tired	ADJ	6	ATE8
frickin	ADJ	0	ATE8
resilient	ADJ	2	ATE8
red	ADJ	7	ATE8
bottled	ADJ	2	ATE8
orange	ADJ	6	ATE8
red	ADJ	7	ATE8
great	ADJ	7	ATE8
right	ADJ	36	ATE8
good	ADJ	27	ATE8
large	ADJ	11	ATE8
giant	ADJ	8	ATE8
single	ADJ	10	ATE8
large	ADJ	11	ATE8
free	ADJ	22	ATE8
hind	ADJ	3	ATE8
old	ADJ	9	ATE8
hot	ADJ	21	ATE8
red	ADJ	7	ATE8
red	ADJ	7	ATE8
awesome	ADJ	1	ATE8
red	ADJ	7	ATE8
other	ADJ	4	ATE8
large	ADJ	11	ATE8
red	ADJ	7	ATE8
red	ADJ	7	ATE8
small	ADJ	13	ATE8
big	ADJ	17	ATE8
awesome	ADJ	1	ATE8
more	ADJ	5	ATE8
empty	ADJ	10	ATE8
fat	ADJ	9	ATE8
fat	ADJ	9	ATE8
complete	ADJ	10	ATE8
enormous	ADJ	1	ATE8
tired	ADJ	6	ATE8
fat	ADJ	9	ATE8
lazy	ADJ	2	ATE8
rewarding	ADJ	4	ATE8
huge	ADJ	1	ATE8
moldable	ADJ	1	ATE8
annoying	ADJ	3	ATE8
attractive	ADJ	3	ATE8
ugly	ADJ	4	ATE8
true	ADJ	15	ATE8
various	ADJ	4	ATE8
red	ADJ	7	ATE8
big	ADJ	17	ATE8
nice	ADJ	6	ATE8
awesome	ADJ	1	ATE8
tired	ADJ	6	ATE8
right	ADJ	36	ATE8
great	ADJ	7	ATE8
empty	ADJ	10	ATE8
fat	ADJ	9	ATE8
visible	ADJ	3	ATE8
large	ADJ	11	ATE8
red	ADJ	7	ATE8
crazy	ADJ	6	ATE8
lazy	ADJ	2	ATE8
red	ADJ	7	ATE8
red	ADJ	7	ATE8
efficient	ADJ	2	ATE8
unhappy	ADJ	4	ATE8
red	ADJ	7	ATE8
murmur	ADJ	6	ATE8
other	ADJ	4	ATE8
red	ADJ	7	ATE8
red	ADJ	7	ATE8
enormous	ADJ	1	ATE8
fat	ADJ	9	ATE8
legit	ADJ	0	ATE8
horrible	ADJ	1	ATE8
fat	ADJ	9	ATE8
more	ADJ	5	ATE8
fat	ADJ	9	ATE8
huge	ADJ	1	ATE8
big	ADJ	17	ATE8
second	ADJ	15	ATE8
ok	ADJ	4	ATE8
red	ADJ	7	ATE8
red	ADJ	7	ATE8
normal	ADJ	5	ATE8
stark	ADJ	6	ATE8
great	ADJ	7	ATE9
normal	ADJ	5	ATE9
late	ADJ	11	ATE9
next	ADJ	4	ATE9
awesome	ADJ	1	ATE9
late	ADJ	11	ATE9
blue	ADJ	16	ATE9
green	ADJ	14	ATE9
green	ADJ	14	ATE9
good	ADJ	27	ATE9
sorry	ADJ	4	ATE9
good	ADJ	27	ATE9
good	ADJ	27	ATE9
same	ADJ	6	ATE9
great	ADJ	7	ATE9
great	ADJ	7	ATE9
right	ADJ	36	ATE9
great	ADJ	7	ATE9
silent	ADJ	6	ATE9
awesome	ADJ	1	ATE9
쟤가	ADJ	0	ATE9
있었을까	ADJ	0	ATE9
뛰어다닌	ADJ	0	ATE9
naked	ADJ	5	ATE9
crazy	ADJ	6	ATE9
mad	ADJ	4	ATE9
okay	ADJ	4	ATE9
other	ADJ	4	ATE9
universal	ADJ	7	ATE9
evil	ADJ	6	ATE9
little	ADJ	10	ATE9
sweet	ADJ	16	ATE9
deadly	ADJ	8	ATE9
blue	ADJ	16	ATE9
few	ADJ	2	ATE9
few	ADJ	2	ATE9
dead	ADJ	21	ATE9
incredible	ADJ	1	ATE9
old	ADJ	9	ATE9
nerdy	ADJ	0	ATE9
alien	ADJ	7	ATE9
ooor	ADJ	0	ATE9
scratchy	ADJ	4	ATE9
grungy	ADJ	1	ATE9
disturbed	ADJ	9	ATE9
old	ADJ	9	ATE9
angry	ADJ	3	ATE9
nerdy	ADJ	0	ATE9
indistinguishable	ADJ	2	ATE9
old	ADJ	9	ATE9
least	ADJ	3	ATE9
old	ADJ	9	ATE9
able	ADJ	4	ATE9
wavy	ADJ	2	ATE9
little	ADJ	10	ATE9
rocky	ADJ	4	ATE9
back	ADJ	28	ATE9
free	ADJ	22	ATE9
flat	ADJ	24	ATE9
like	ADJ	11	ATE9
huge	ADJ	1	ATE9
small	ADJ	13	ATE9
funn	ADJ	0	ATE9
whole	ADJ	8	ATE9
sad	ADJ	3	ATE9
mad	ADJ	4	ATE9
magical	ADJ	1	ATE9
cool	ADJ	11	ATE9
cool	ADJ	11	ATE9
many	ADJ	1	ATE9
blue	ADJ	16	ATE9
cool	ADJ	11	ATE9
awesome	ADJ	1	ATE9
nice	ADJ	6	ATE9
next	ADJ	4	ATE9
startled	ADJ	3	ATE9
sad	ADJ	3	ATE9
good	ADJ	27	ATE9
more	ADJ	5	ATE9
hurt	ADJ	14	ATE9
sad	ADJ	3	ATE9
harsh	ADJ	6	ATE9
weird	ADJ	3	ATE9
timeless	ADJ	1	ATE9
front	ADJ	13	ATE9
startled	ADJ	3	ATE9
good	ADJ	27	ATE9
good	ADJ	27	ATE9
sweet	ADJ	16	ATE9
evil	ADJ	6	ATE9
tender	ADJ	18	ATE9
beautiful	ADJ	2	ATE9
jealous	ADJ	2	ATE9
jealous	ADJ	2	ATE9
mad	ADJ	4	ATE9
jealous	ADJ	2	ATE9
good	ADJ	27	ATE9
startled	ADJ	3	ATE9
jealous	ADJ	2	ATE9
much	ADJ	7	ATE9
other	ADJ	4	ATE9
other	ADJ	4	ATE9
sorry	ADJ	4	ATE9
idiot	ADJ	1	ATE9
sweet	ADJ	16	ATE9
old	ADJ	9	ATE9
good	ADJ	27	ATE9
sorry	ADJ	4	ATE9
stupid	ADJ	4	ATE9
stupid	ADJ	4	ATE9
